{"BsQ+CM7BcMecN6nnLorIeg==":"mbr-1087x725.jpg","s5W66Lyd9nbVAYR8Hq85MQ==":"mbr-1087x1736.jpg","ktNcSAm1JLIZy+iNFod1fA==":"mbr-1087x1631.jpg","/uvgSTZSX3OH+VJOgz6T5g==":"mbr-1087x1631.jpeg","uEF96LGKXomkIf1VPgxssQ==":"mbr-1101x944.jpg","R43cmnDE4gRw6wyoymRa7w==":"mbr-712x948.jpg","+GFL2AJPAgTNhCzwhImieg==":"mbr-712x377.jpg","iToIjVchL8ssF/5W4/blYw==":"mbr-712x1136.jpg","qRNRHZUGdcShmR8kaXPq+A==":"1440xauto_original_article_2023_08_b98fd9ce-383f-409e-8fc0-98b344abe715-712x328.png","2XUHLrnbsuhLbp/SQzN8vQ==":"1440xauto_original_article_2023_08_b98fd9ce-383f-409e-8fc0-98b344abe715-1-712x328.png","avDONWiQs+4E/3cTtTyeGA==":"2-550x550.jpg","YyfFdtvC4zpz/gDNrKpa8g==":"1-712x712.jpg","OyrxKy92tBsT/0t8vMBJ9Q==":"5-712x714.png","mSy86lpqnc8K8bsZFT2OLQ==":"4-590x592.png"}